{"cameraMode":{"drawMode":0,"name":"Shaded","section":"Shading Mode"},"sceneLighting":true,"audioPlay":false,"sceneViewState":{"showFog":true,"showMaterialUpdate":false,"showSkybox":true,"showFlares":true,"showImageEffects":true,"showParticleSystems":true},"in2DMode":false,"pivot":{"x":49.27374267578125,"y":12.032684326171875,"z":48.52354431152344},"rotation":{"x":0.2215593308210373,"y":-0.7102629542350769,"z":0.2547668516635895,"w":0.6176855564117432},"size":281.58599853515627,"orthographic":false}